<?xml version="1.0" encoding="UTF-8" standalone="yes"?>
<addon id="repository.fullproject" name="[COLOR red][B]Full[/B][/COLOR] [COLOR black][B]Project[/B][/COLOR] Repository" version="0.0.13" provider-name="[COLOR red][B]Full[/B][/COLOR] [COLOR black][B]Project[/B][/COLOR]">	
	<extension point="xbmc.addon.repository" name="[COLOR red][B]Full[/B][/COLOR] [COLOR black][B]Project[/B][/COLOR]">
	        <info compressed="false">https://raw.githubusercontent.com/fullproject/repository.fullproject/master/addons.xml</info>
		    <checksum>https://raw.githubusercontent.com/fullproject/repository.fullproject/master/addons.xml.md5</checksum>
		    <datadir zip="true">https://raw.githubusercontent.com/fullproject/repository.fullproject/master</datadir>		
		<dir minversion="18.0.0">
			<info compressed="true">https://raw.githubusercontent.com/fullproject/repository.fullproject/master/leia/addons.xml</info>
			<checksum>https://raw.githubusercontent.com/fullproject/repository.fullproject/master/leia/addons.xml.md5</checksum>
			<datadir zip="true">https://raw.githubusercontent.com/fullproject/repository.fullproject/master/leia</datadir>
		</dir>
	</extension>
    <extension point="xbmc.addon.metadata">
        <summary lang="en">repositorio [COLOR red][B]Full[/B][/COLOR] [COLOR black][B]Project[/B][/COLOR]</summary>
        <description lang="en">repositorio oficial [COLOR red][B]Full[/B][/COLOR] [COLOR black][B]Project[/B][/COLOR] - Inicio de um projecto.</description>
        <platform>all</platform>
		<news>[I]v0.0.11[/I][CR]- Para dar suporte a uma skin para o sistema kodi.</news>
    </extension>
</addon>